"18yo"	6
"3some"	7
"abs"	18
"abuse"	7
"abused"	11
"action"	7
"actress"	11
"add"	7
"adult"	24
"african"	7
"akira"	7
"album"	9
"aletta"	7
"alexis"	18
"all"	41
"allie"	9
"amateur"	1083
"amateur-blowjob"	6
"amateur-couple"	6
"amateur-milf"	8
"amateur-teen"	16
"amateur-wife"	13
"amateurs"	62
"amatrice"	7
"amatuer"	50
"amature"	46
"amazing"	11
"american"	6
"amy"	7
"anal"	597
"anal-creampie"	10
"anal-gape"	7
"anal-sex"	9
"and"	125
"angel"	27
"angela-white"	6
"angelina"	17
"animated"	13
"animation"	8
"anime"	88
"ann"	8
"anna"	8
"anus"	6
"arab"	25
"arabic"	7
"army"	8
"arse"	6
"art"	39
"asa"	7
"ashley"	8
"asian"	326
"asians"	9
"ass"	1550
"ass-worship"	6
"asses"	27
"assfuck"	12
"asshole"	47
"athletic"	9
"atm"	15
"aussie"	15
"australian"	13
"av-idol"	8
"ava"	7
"avatar"	8
"awesome"	11
"babe"	482
"babes"	143
"baby"	10
"bald"	14
"ball"	11
"balls"	28
"bang"	28
"barbie"	7
"bare"	7
"bareback"	16
"bath"	17
"bathroom"	17
"batman"	6
"bbc"	78
"bbw"	216
"bdsm"	102
"beach"	70
"bear"	8
"beautiful"	118
"beauty"	38
"bed"	16
"bedroom"	7
"before"	6
"belle"	8
"best"	16
"bianca"	6
"big"	939
"big-ass"	101
"big-black-cock"	23
"big-black-dick"	7
"big-boob-japanese"	8
"big-boobs"	100
"big-booty"	21
"big-butt"	10
"big-cock"	50
"big-dick"	67
"big-natural-boobs"	6
"big-natural-tits"	33
"big-nipples"	11
"big-pussy-lips"	6
"big-tits"	225
"bigass"	11
"bigboobs"	9
"bigbooty"	7
"bigcock"	9
"bigdick"	25
"bigtits"	59
"bikini"	87
"bimbo"	7
"bisexual"	21
"bit"	7
"bitch"	75
"bitches"	15
"black"	300
"black-blonde-comics"	13
"black-cock"	10
"bleach"	11
"blind"	8
"blindfold"	11
"blindfolded"	9
"blond"	69
"blonde"	585
"blonde-big-tits"	7
"blonde-milf"	9
"blonde-teen"	14
"blondes"	36
"blondie"	7
"blow"	37
"blow-job"	12
"blowjob"	553
"blowjobs"	36
"blue"	18
"blue-eyes"	6
"body"	68
"bodybuilder"	9
"bollywood"	6
"bondage"	81
"boner"	6
"boob"	27
"boobies"	7
"boobs"	657
"boots"	16
"booty"	170
"bottle"	6
"bound"	13
"boy"	21
"boyfriend"	9
"boys"	20
"bra"	27
"brandi-love"	7
"brazil"	11
"brazilian"	22
"brazzers"	20
"breast"	41
"breasts"	106
"bree"	8
"brianna"	8
"bride"	11
"british"	16
"british-gilf"	7
"british-granny"	8
"british-milf"	12
"british-mom"	7
"brooke"	11
"brown"	16
"brune"	12
"brunette"	440
"brunette-teen"	8
"brunettes"	16
"brutal"	8
"bubble"	15
"bubble-butt"	11
"bukkake"	65
"bulge"	7
"bum"	10
"bunny"	8
"bush"	12
"busty"	187
"busty-milf"	6
"butt"	127
"butt-plug"	7
"butts"	15
"cam"	28
"camel"	13
"cameltoe"	24
"camgirl"	6
"cams"	6
"canada"	7
"canadian"	7
"candid"	20
"caprice"	6
"captions"	14
"car"	8
"carol-cox"	6
"cartoon"	99
"cartoon-porn"	12
"cartoon-sex"	8
"cartoons"	18
"celeb"	47
"celebrities"	19
"celebrity"	165
"celebs"	18
"censored"	6
"cheating"	10
"cheating-wife"	9
"cheeks"	7
"cherokee"	6
"chick"	15
"chicks"	21
"chinese"	28
"chocolate"	7
"christy-mack"	7
"chubby"	49
"classy"	6
"cleavage"	19
"clit"	28
"clits"	6
"close"	13
"close-up"	16
"close-up-pussy"	8
"closeup"	26
"clothed"	22
"clothes"	24
"cock"	441
"cock-sucking"	7
"cocks"	44
"cocksucking"	6
"coed"	8
"cola"	7
"collection"	6
"college"	83
"comic"	89
"comics"	23
"comix"	7
"compilation"	7
"corset"	7
"cosplay"	21
"costume"	9
"couch"	7
"cougar"	62
"couple"	57
"couples"	23
"cowgirl"	7
"crazy"	7
"cream"	14
"creampie"	119
"creampies"	9
"creamy"	9
"cuck"	8
"cuckold"	55
"cul"	6
"culo"	20
"cum"	539
"cum-in-mouth"	18
"cum-on-tits"	10
"cum-shot"	9
"cumming"	13
"cumshot"	359
"cumshots"	60
"cunnilingus"	6
"cunt"	72
"curves"	8
"curvy"	30
"cute"	210
"cute-fece"	8
"cute-girls"	8
"cutie"	9
"czech"	15
"daddy"	16
"dance"	7
"dancing"	12
"dark"	10
"dating"	7
"daughter"	14
"deep"	18
"deep-throat"	9
"deepthroat"	75
"desi"	19
"deutsch"	7
"devil"	10
"dick"	375
"dicks"	37
"dildo"	123
"dildos"	6
"dirty"	22
"disney"	16
"dogging"	6
"doggy"	40
"doggystlye"	36
"doggystyle"	46
"dominate"	9
"domination"	32
"dominatrix"	14
"dong"	7
"door"	12
"double"	32
"double-penetration"	7
"doujin"	7
"downblouse"	11
"dress"	13
"dressed"	18
"dripping"	9
"drunk"	33
"eat"	11
"eating"	8
"eating-pussy"	6
"ebony"	237
"ebony-teen"	7
"ecchi"	6
"ejaculation"	8
"emily"	8
"emma"	9
"emo"	33
"enjoy"	8
"erotic"	58
"erotica"	11
"escort"	8
"euro"	7
"european"	8
"eva"	8
"eve"	6
"ever"	6
"ex-girlfriend"	6
"exhibitionist"	8
"exposed"	19
"extreme"	27
"eyes"	9
"face"	38
"facefuck"	12
"facesitting"	9
"facial"	240
"facials"	22
"fake"	35
"fake-tits"	7
"fakes"	19
"family"	8
"famous"	14
"fantasy"	13
"fappening"	12
"fat"	51
"favorite"	10
"faye"	9
"feet"	130
"female"	73
"femdom"	52
"femdom-strapon"	6
"fetish"	196
"few"	8
"ffm"	8
"filipina"	28
"fine"	14
"finger"	16
"fingering"	47
"fingers"	8
"first"	10
"fishnet"	16
"fist"	11
"fisting"	36
"fit"	25
"fitness"	8
"flash"	25
"flashing"	33
"flexible"	10
"foot"	36
"football"	6
"footjob"	21
"for"	37
"fotze"	8
"found"	12
"fox"	8
"freckles"	9
"french"	35
"friend"	6
"friends"	31
"from"	6
"frost"	8
"ftv"	13
"fuck"	357
"fucked"	29
"fucking"	157
"full"	9
"fun"	49
"funny"	61
"furry"	45
"futa"	22
"futanari"	22
"futurama"	10
"gag"	14
"gagging"	11
"games"	11
"gang"	29
"gangbang"	64
"gape"	28
"gaping"	16
"gay"	98
"geil"	6
"german"	32
"get"	9
"gets"	6
"gif"	324
"gifs"	28
"gilf"	27
"ginger"	8
"girl"	370
"girlfriend"	69
"girlfriends"	11
"girls"	340
"girlsdoporn"	7
"glamour"	9
"glasses"	30
"goddess"	9
"golden"	6
"gomez"	6
"good"	12
"gorgeous"	29
"goth"	25
"grandma"	26
"grandmother"	25
"granny"	54
"great"	6
"greek"	6
"grey"	12
"group"	91
"groupsex"	8
"guy"	18
"guys"	17
"gym"	7
"hair"	29
"haired"	9
"hairy"	96
"hairy-granny"	8
"hairy-mature"	7
"hairy-milf"	7
"hairy-mom"	9
"hairy-pussy"	22
"halloween"	6
"hand"	7
"handjob"	72
"hard"	73
"hardcore"	269
"have"	7
"having"	6
"haze"	7
"head"	36
"heels"	39
"hentai"	750
"hentai-comics"	27
"her"	14
"hidden"	6
"high"	10
"high-heels"	10
"hinata"	8
"hips"	13
"hole"	12
"holes"	6
"home"	23
"homemade"	202
"hooker"	15
"hope"	7
"horny"	146
"horny-teen"	6
"hose"	8
"hot"	847
"hot-blonde"	10
"hot-girl"	6
"hot-milf"	8
"hotel"	10
"hott"	10
"hottest"	9
"hottie"	17
"hotties"	21
"hotwife"	9
"housewife"	26
"hubby"	7
"huge"	113
"huge-ass"	8
"huge-boobs"	8
"huge-cock"	22
"huge-dick"	9
"huge-tits"	35
"humiliation"	14
"hung"	24
"hunk"	12
"hunks"	9
"ich"	6
"india"	6
"indian"	71
"indian-aunty"	6
"indian-sex"	6
"innocent"	13
"ino"	6
"insertion"	10
"interacial"	15
"interracial"	178
"italian"	9
"jab"	7
"jada"	7
"james"	13
"jane"	9
"japan"	19
"japanese"	55
"japanese-beauty"	8
"jav-model"	8
"jay"	6
"jayden"	11
"jeans"	11
"jenna"	14
"jenni"	9
"jennifer-lawrence"	7
"jerk"	7
"jesse"	6
"jessie"	6
"jizz"	31
"job"	21
"jolie"	8
"jones"	7
"juicy"	15
"julia"	8
"just"	43
"kagney"	8
"karter"	6
"kasia"	6
"kat"	7
"kate"	8
"katie"	7
"kayden"	6
"kelly"	6
"kendra-lust"	7
"keyplayer0601"	8
"kim-kardashian"	6
"kink"	9
"kinky"	39
"kiss"	8
"kissing"	19
"korean"	12
"labia"	9
"ladies"	16
"lady"	15
"lane"	6
"large"	20
"latex"	38
"latin"	21
"latina"	180
"latinas"	8
"latino"	13
"leak"	6
"leaked"	12
"leather"	15
"lee"	11
"leggings"	10
"legs"	136
"lela"	8
"lelu"	8
"lelu-love"	8
"les"	7
"lesbian"	251
"lesbians"	39
"lick"	31
"licking"	31
"like"	24
"lily"	6
"linge"	17
"lingerie"	146
"lips"	33
"lisa"	13
"lisa-ann"	7
"little"	22
"load"	7
"lol"	13
"loli"	6
"long"	39
"love"	61
"lovely"	11
"lucy"	9
"lycra"	9
"lynn"	10
"made"	11
"madison"	8
"maid"	8
"male"	20
"man"	18
"mandingo"	7
"manga"	85
"marcdom4444"	6
"maria"	11
"marie"	12
"maritza"	6
"married"	6
"massage"	7
"massive"	10
"masterbation"	21
"masturbate"	22
"masturbating"	18
"masturbation"	169
"mature"	254
"mature-over-60"	10
"matures"	22
"mee"	9
"megan"	8
"men"	39
"messy"	6
"mexican"	7
"mia-khalifa"	6
"miley"	6
"miley-cyrus"	6
"milf"	484
"milfs"	30
"military"	15
"milk"	11
"milking"	11
"mini"	7
"mirror"	26
"mistress"	15
"mix"	7
"mixed"	9
"mmf"	9
"moar"	13
"model"	76
"models"	54
"mofos"	10
"mofos.com"	6
"mom"	98
"mommy"	33
"moms"	10
"monster"	31
"monster-cock"	8
"monstercock"	6
"more"	33
"mother"	44
"mouth"	17
"muscle"	40
"muscles"	8
"muscular"	6
"myself"	12
"naked"	328
"nami"	8
"naruto"	29
"nasty"	21
"natural"	68
"natural-tits"	18
"naughty"	79
"need"	8
"nerd"	8
"nessa"	6
"new"	17
"next"	11
"nice"	70
"nice-ass"	6
"nice-body"	9
"nicole"	7
"nikki"	11
"nina"	6
"nipple"	31
"nipples"	86
"non-nude"	6
"normal"	7
"not"	6
"nubiles"	6
"nude"	414
"nudes"	23
"nudist"	8
"nudity"	13
"nurse"	6
"nylon"	27
"nylons"	10
"ocean"	9
"off"	8
"office"	8
"oil"	25
"oiled"	9
"oily"	6
"old"	47
"older"	27
"older-woman"	6
"oldyoung"	6
"olson"	6
"one"	11
"online"	7
"open"	13
"oral"	55
"orgasm"	50
"orgy"	57
"outdoor"	38
"outdoors"	29
"outside"	10
"over"	7
"over-40"	7
"over-50"	13
"over-50-milfs"	6
"over-60"	9
"over-60-granny"	7
"ozawa"	6
"pain"	8
"paki"	7
"pakistani"	6
"palcomix"	11
"pale"	15
"panties"	104
"pants"	7
"panty"	13
"pantyhose"	31
"parody"	8
"party"	31
"pawg"	12
"pee"	27
"peeing"	10
"pegging"	13
"penetration"	9
"penis"	41
"perfect"	28
"perfect-ass"	12
"perfect-tits"	13
"perky"	11
"perky-tits"	9
"petite"	67
"petite-teen"	7
"phat"	24
"photo"	17
"photos"	32
"photoshoot"	9
"pic"	12
"pics"	64
"pictures"	20
"pie"	7
"piece"	10
"pierced"	16
"piercing"	27
"piercings"	7
"piernas"	7
"pigtails"	6
"pinay"	18
"pink"	30
"pink-pussy"	7
"piss"	26
"pissing"	23
"play"	10
"playboy"	30
"pokemon"	12
"pool"	15
"porn"	197
"porn-comics"	30
"porno"	16
"pornstar"	271
"pornstars"	21
"posing"	95
"pov"	54
"pov-blowjob"	14
"pregnant"	40
"pretty"	34
"princess"	10
"private"	21
"priya"	8
"prostate"	8
"prostitute"	6
"public"	133
"punk"	11
"pussies"	14
"pussy"	1327
"pussy-licking"	20
"puta"	6
"pute"	6
"pvc"	10
"queen"	7
"rachel"	11
"rai"	8
"rain"	6
"random"	23
"reagan"	9
"real"	37
"realexgirlfriends.com"	7
"reality"	60
"red"	51
"red-head"	6
"redhead"	123
"redhead-big-tits"	7
"redhead-teen"	11
"redheads"	6
"retro"	12
"riding"	25
"rihanna"	7
"riley"	6
"riley-reid"	7
"romania"	9
"romanian"	7
"room"	10
"rope"	6
"rough"	34
"rough-sex"	7
"round"	18
"roxy"	6
"rubber"	12
"rule-34"	10
"russian"	35
"saint"	6
"sakura"	8
"salope"	10
"sandy"	7
"sara"	7
"sasha"	13
"school"	21
"schoolgirl"	38
"schoolgirls"	6
"selena"	7
"selena-gomez"	10
"self"	44
"self-shot"	10
"selfie"	56
"selfies"	27
"selfshot"	38
"selfshots"	7
"senior"	11
"sensual"	11
"sequoya"	29
"serbian"	6
"set"	7
"sex"	623
"sexe"	7
"sexi"	14
"sexy"	1218
"sexy-blonde"	9
"sexy-milf"	8
"sexy-mom"	6
"sexy-teen"	7
"shaved"	94
"shaved-pussy"	12
"shaven"	10
"shemale"	64
"shiny"	6
"shlong"	7
"short"	9
"shorts"	6
"shot"	25
"shots"	12
"show"	9
"shower"	41
"shy"	6
"shyla"	8
"sin"	6
"single"	11
"sissy"	14
"sister"	7
"skinny"	68
"skinny-teen"	8
"skirt"	22
"slave"	50
"slim"	14
"slut"	219
"slut-wife"	8
"sluts"	28
"slutty"	18
"small"	97
"small-tits"	40
"smile"	10
"smoking"	20
"smooth"	17
"snapchat"	9
"soccer"	6
"socks"	14
"softcore"	34
"soles"	32
"solo"	188
"solo-female"	17
"solo-girl"	11
"some"	18
"spandex"	15
"spanish"	9
"spanking"	13
"sperm"	64
"spit"	6
"sports"	8
"spread"	36
"spreading"	17
"spy"	7
"squirt"	42
"squirting"	21
"squirting-orgasm"	7
"star"	44
"starr"	13
"stars"	10
"stocking"	12
"stockings"	96
"straight"	36
"strap"	12
"strap-on"	13
"strapon"	38
"street"	6
"stretch"	13
"string"	8
"strip"	45
"stripper"	8
"stripping"	15
"striptease"	39
"stud"	14
"student"	11
"students"	18
"style"	6
"stylez"	8
"sub"	7
"submission"	16
"submissive"	13
"suck"	116
"sucking"	48
"suicide"	6
"summer"	8
"super"	7
"swallow"	29
"swedish"	10
"sweet"	23
"swinger"	11
"swingers"	20
"tan"	28
"tattoo"	54
"tattoo-girl"	7
"tattooed"	7
"tattoos"	23
"taylor"	7
"teacher"	11
"tease"	58
"teasing"	11
"teen"	985
"teen-anal"	14
"teen-babe"	6
"teen-big-tits"	6
"teen-creampie"	7
"teen-masturbation"	6
"teen-squirt"	7
"teen-tits"	7
"teenager"	19
"teens"	108
"tetas"	7
"texas"	8
"tgirl"	12
"thai"	17
"the"	22
"thick"	64
"thin"	8
"thong"	44
"threesome"	72
"threesomes"	6
"throat"	16
"tied"	25
"tiffany"	9
"tight"	92
"tight-pussy"	15
"tights"	7
"time"	7
"tiny"	25
"tiny-teen"	11
"tiny-tits"	7
"tit"	35
"titfuck"	14
"titjob"	7
"tits"	1354
"titties"	26
"titts"	18
"titty"	6
"toe"	15
"toes"	38
"tongue"	10
"toon"	55
"toons"	13
"topless"	31
"tori"	9
"torture"	10
"toy"	24
"toying"	9
"toys"	92
"trailer-trash"	7
"tranny"	35
"tribute"	19
"twink"	19
"twinks"	7
"uncensored"	19
"uncut"	12
"underwear"	31
"undressed"	8
"uniform"	21
"upskirt"	41
"vagina"	61
"veronica"	6
"very"	9
"vibrator"	19
"video"	13
"vietnamese"	7
"vintage"	22
"virgin"	14
"virgin-pussy"	7
"voyeur"	39
"wank"	8
"water"	12
"webcam"	59
"webcams"	14
"wedding"	6
"wet"	143
"wet-panties"	6
"wet-pussy"	25
"whip"	9
"white"	104
"whooty"	9
"whore"	111
"whores"	9
"wide"	9
"wife"	135
"wifebucket"	7
"wild"	7
"with"	15
"wives"	16
"woman"	74
"women"	78
"worship"	7
"wow"	6
"wwe"	8
"xxx"	37
"xxxxx"	9
"yaoi"	7
"yiff"	7
"yoga"	10
"yoga-pants"	6
"you"	9
"young"	238
"young-girl"	6
"young-teen"	8
"yummy"	8
